"","band","slope","intercept","R2","RMSE","MAE"
"1","Band_1",0.899331561997116,0.00384073014145199,0.92701075911909,0.00291642005357627,0.00202248747846789
"2","Band_2",0.862070556831017,0.0473897008583566,0.967453874433886,0.0211134408575973,0.0169602321282296
"3","Band_3",0.693125431188322,0.00518486983997205,0.842967863663255,0.00165280456958652,0.00130301050086366
"4","Band_4",0.854687198971933,0.00887882206883362,0.924628495494566,0.00567558989590007,0.00421576332652769
"5","Band_5",0.853678043016059,0.0449021566657665,0.961377687886273,0.0175192710294265,0.0142435362425462
"6","Band_6",0.819661048379921,0.0329024132536708,0.942038581151432,0.0118629061794479,0.00957532220575432
"7","Band_7",0.784402193800021,0.0133251356878745,0.933475704482354,0.0054865406476477,0.00435942163155759
